# id,X_0,X_1,X_2,X_3,X_4,X_5,X_6,X_7,X_8,X_9,X_10,y
3,1,1,0,0,4,4,3,1,5,1,2,1
5,2,4,2,0,4,5,4,6,1,6,2,1
9,1,6,5,3,6,6,3,1,0,1,0,1
10,2,0,2,4,1,2,4,3,5,1,5,1
11,2,6,5,0,1,4,3,3,3,2,1,1
14,0,1,6,0,5,2,6,2,1,6,1,1
15,1,0,2,3,6,6,2,2,5,2,5,1
16,1,4,5,4,5,4,6,6,1,4,0,1
17,2,1,6,4,6,6,2,2,3,6,0,1
18,2,0,5,4,4,5,2,6,3,1,0,1
19,3,4,2,2,6,4,4,2,3,1,2,1
21,0,1,5,2,6,5,6,1,0,6,5,1
22,1,6,0,0,1,4,3,2,1,2,2,1
24,2,0,2,0,1,2,6,2,5,1,5,1
25,2,4,2,0,5,6,4,3,1,1,2,1
27,2,6,6,3,1,6,3,3,1,1,2,1
28,2,6,5,4,4,6,2,1,1,6,2,1
32,2,6,5,3,1,2,2,1,0,6,5,1
34,1,0,5,3,5,2,4,6,0,2,0,1
35,3,6,5,3,5,6,3,6,0,6,2,1
36,0,0,2,2,4,4,2,1,1,1,5,1
37,1,1,6,4,5,2,4,6,0,6,0,1
38,3,4,2,4,4,6,2,2,3,2,1,1
39,0,1,5,0,4,4,4,2,0,2,5,1
40,1,1,0,2,4,6,4,3,5,6,0,1
42,0,1,2,2,5,4,3,2,0,6,2,1
44,2,1,0,2,5,4,2,6,5,1,5,1
48,2,0,6,0,6,6,6,2,0,1,5,1
51,3,6,2,0,4,4,6,2,1,1,5,1
53,1,4,6,2,6,2,3,2,1,6,0,1
56,0,1,0,0,5,6,2,2,0,2,1,1
57,2,4,5,0,5,2,2,2,1,1,5,1
58,2,0,0,3,5,5,3,1,1,4,0,1
62,2,0,0,4,5,2,6,2,1,6,1,1
64,3,4,5,3,4,4,4,3,1,1,1,1
67,3,4,2,0,6,5,2,3,5,4,5,1
68,3,0,0,3,6,6,3,6,5,6,0,1
69,0,1,6,2,5,5,6,3,0,1,5,1
71,1,4,0,3,1,4,3,2,5,1,2,1
73,3,1,0,3,1,6,6,1,1,1,2,1
74,3,4,5,3,5,6,4,1,0,2,2,1
78,1,0,5,4,4,2,6,3,0,6,2,1
79,3,6,6,2,6,4,3,3,3,6,5,1
83,1,6,2,3,6,5,3,1,3,1,2,1
84,2,6,0,4,6,6,3,6,5,4,1,1
85,3,4,6,3,1,4,3,1,3,4,1,1
86,0,0,2,2,5,4,2,3,3,1,1,1
87,0,6,6,4,4,2,6,1,3,1,5,1
89,2,6,2,2,5,5,6,6,3,6,5,1
90,0,4,6,3,6,2,3,6,5,6,0,1
91,3,0,2,0,6,2,2,6,3,1,1,1
93,1,1,2,3,1,4,6,2,1,2,5,1
96,0,6,0,3,6,4,3,3,3,1,5,1
100,2,0,0,0,5,6,6,3,5,2,5,1
101,1,6,6,3,1,5,6,2,3,2,1,1
102,2,1,2,0,5,5,4,2,5,1,1,1
103,2,0,0,3,4,6,2,3,1,6,0,1
104,1,1,2,0,6,2,3,2,5,4,0,1
105,2,4,0,0,6,2,4,2,3,6,0,1
107,3,4,0,4,4,5,3,2,0,6,5,1
109,2,4,0,4,6,5,3,2,5,6,0,1
110,3,0,2,3,4,4,6,2,0,6,1,1
111,2,6,6,3,4,4,6,1,0,6,0,1
112,2,1,6,2,5,4,2,1,0,4,0,1
114,0,1,5,3,4,4,4,1,1,6,1,1
119,1,1,5,3,6,2,3,1,5,4,0,1
120,3,4,6,4,1,2,3,2,0,6,1,1
121,0,4,6,4,6,6,4,1,0,6,5,1
122,2,1,6,0,5,6,4,2,1,6,2,1
123,3,4,6,0,1,2,6,1,3,4,2,1
124,3,0,2,3,5,4,2,2,5,4,2,1
127,3,1,6,3,4,4,2,2,0,4,2,1
128,3,4,0,3,1,2,3,3,1,1,0,1
129,1,4,6,3,1,6,3,6,0,1,2,1
132,2,1,5,2,5,4,3,1,1,1,2,1
134,0,1,6,4,6,2,2,3,3,2,5,1
135,3,6,5,3,4,5,4,3,0,6,0,1
136,1,6,0,4,5,4,2,2,5,2,5,1
137,0,6,6,2,1,5,4,1,1,4,2,1
138,3,4,2,2,6,2,4,6,5,2,5,1
139,3,1,5,2,1,4,2,3,3,4,1,1
145,2,1,5,3,1,6,6,2,3,1,5,1
147,1,1,2,4,6,6,6,3,5,6,5,1
148,3,6,6,4,5,5,4,6,5,4,5,1
151,3,4,0,0,5,4,4,1,5,4,5,1
152,0,1,5,2,1,4,2,1,0,1,1,1
154,3,0,0,0,6,6,3,6,3,2,1,1
155,3,6,5,2,6,6,2,6,5,1,0,1
157,0,0,6,2,6,2,2,6,1,1,1,1
160,0,0,2,4,4,6,3,6,1,6,0,1
164,1,0,0,4,4,5,4,1,3,6,5,1
167,0,6,5,2,4,6,3,1,5,2,1,1
168,0,0,6,2,4,4,2,2,3,6,1,1
169,2,6,6,0,1,6,3,6,1,6,0,1
172,0,6,5,3,5,4,6,2,1,4,2,1
175,3,6,6,4,1,5,2,6,1,4,1,1
177,1,1,6,3,5,2,6,3,3,4,5,1
180,1,4,5,0,6,6,3,6,5,4,5,1
181,1,0,2,0,4,5,2,1,5,2,5,1
182,0,1,6,0,1,4,3,3,0,6,2,1
185,3,0,2,0,6,6,4,1,5,2,2,1
186,0,4,6,2,4,6,6,6,3,4,1,1
191,1,0,0,2,1,6,4,1,1,1,1,1
192,3,0,5,0,6,6,3,1,5,1,0,1
193,1,4,6,4,6,5,6,1,1,6,2,1
194,1,0,2,4,5,2,4,6,3,6,2,1
195,2,4,6,4,6,5,2,1,1,4,5,1
197,2,4,6,0,4,6,4,6,1,2,5,1
198,2,6,0,2,5,2,3,3,5,2,1,1
199,1,0,5,3,6,5,6,6,5,1,2,1
204,0,6,2,3,6,4,6,6,1,1,0,1
205,0,1,6,3,5,2,4,3,3,4,5,1
206,2,6,6,3,6,5,2,3,0,1,1,1
207,2,6,2,0,4,6,6,2,0,4,1,1
209,1,0,6,3,4,6,6,1,5,6,0,1
211,2,4,0,0,5,4,6,1,0,4,5,1
212,3,1,2,4,5,6,3,3,0,1,1,1
213,3,4,5,3,5,6,3,1,5,6,2,1
214,0,0,0,2,1,6,6,2,1,2,1,1
218,0,6,2,2,1,2,6,1,5,2,1,1
219,2,1,0,3,5,6,4,6,3,4,1,1
220,3,4,5,2,6,5,2,3,5,2,1,1
221,3,1,5,2,4,4,4,1,5,1,1,1
222,0,6,6,3,4,4,3,6,1,1,1,1
223,1,4,6,4,1,6,2,6,0,4,5,1
226,3,1,0,4,4,6,2,3,5,2,0,1
228,3,0,6,2,5,5,6,6,0,4,1,1
233,2,0,0,3,6,5,2,3,3,1,2,1
235,3,0,5,0,5,5,4,2,5,4,1,1
236,3,1,5,2,1,5,4,1,3,6,2,1
237,1,1,5,0,1,2,4,6,1,4,2,1
239,3,0,6,0,6,2,6,1,1,6,0,1
240,2,0,0,4,6,6,4,2,1,6,1,1
246,0,0,2,3,5,6,2,3,3,2,0,1
250,2,6,0,2,6,6,6,3,1,1,2,1
251,2,6,0,3,6,5,2,3,1,2,2,1
254,0,1,0,4,5,2,2,2,1,6,2,1
257,3,1,2,0,5,5,3,3,5,6,2,1
259,3,6,0,4,1,2,4,2,3,2,0,1
260,1,4,0,4,4,6,6,1,1,1,0,1
261,2,4,6,3,6,4,2,1,5,1,0,1
262,3,4,2,4,6,4,6,2,0,1,0,1
263,1,0,2,2,6,4,2,6,3,1,5,1
264,0,1,5,4,6,5,3,1,3,1,0,1
265,1,0,2,4,6,6,2,3,1,1,5,1
266,3,4,5,0,4,5,6,3,5,4,5,1
267,1,4,0,3,5,2,2,2,0,4,1,1
269,2,4,6,0,5,6,6,3,5,1,2,1
270,2,1,2,0,4,4,4,2,3,2,0,1
273,3,4,6,2,6,5,4,6,0,4,5,1
274,1,0,5,3,4,6,4,6,5,4,0,1
275,2,0,0,4,4,6,4,2,0,6,0,1
281,0,6,5,3,5,6,3,3,3,2,0,1
282,2,1,6,4,4,6,4,2,3,4,1,1
285,1,1,6,2,6,6,2,2,3,6,2,1
287,2,6,2,3,4,4,4,1,1,6,2,1
288,3,6,5,3,5,6,3,2,1,1,1,1
290,1,1,6,3,1,4,3,3,1,6,0,1
292,0,0,6,3,5,5,4,2,5,4,1,1
295,3,6,2,4,6,4,2,1,5,6,5,1
296,2,4,5,3,1,6,3,1,3,6,0,1
297,2,4,0,2,6,2,4,3,1,4,5,1
298,1,4,0,2,6,6,3,6,1,4,2,1
299,1,4,6,4,1,5,2,6,3,1,0,1
301,0,0,5,3,5,4,4,1,1,4,2,1
302,3,1,5,0,4,5,6,3,1,6,1,1
303,1,1,5,4,4,6,2,2,5,1,5,1
305,1,0,6,0,4,6,3,3,3,6,2,1
306,0,6,2,3,6,4,4,6,1,4,1,1
309,1,0,2,0,5,2,6,3,3,1,0,1
310,1,4,0,3,1,2,6,3,5,6,5,1
311,2,6,0,3,5,5,4,1,5,4,1,1
313,1,0,5,3,4,2,4,2,0,6,1,1
315,1,1,6,3,4,6,2,1,0,4,1,1
316,3,0,0,3,5,2,6,6,1,4,2,1
317,3,6,5,4,4,6,4,3,1,2,0,1
321,3,6,2,2,1,5,6,1,1,4,1,1
322,3,0,5,2,4,6,4,1,0,6,5,1
324,0,0,6,4,1,5,2,1,3,6,2,1
328,2,6,6,2,6,2,6,3,3,4,2,1
331,1,1,0,0,1,2,3,6,5,1,1,1
339,0,0,6,3,6,5,2,2,5,4,0,1
342,2,1,6,2,4,2,2,2,3,6,1,1
343,2,6,0,4,5,2,6,1,5,6,5,1
345,2,1,2,2,5,2,6,6,5,4,0,1
347,3,4,0,2,5,5,3,6,3,6,1,1
348,3,6,0,4,4,5,3,2,0,2,0,1
353,0,6,2,3,4,6,3,1,5,1,0,1
358,0,0,5,2,4,6,2,2,3,1,0,1
362,0,6,2,2,5,4,2,3,1,4,1,1
363,0,0,6,2,5,6,4,6,0,2,2,1
365,2,4,6,2,5,6,3,3,3,2,1,1
367,2,0,6,2,6,2,3,1,5,6,5,1
368,3,6,2,4,4,2,4,1,0,2,2,1
369,1,0,6,4,5,6,4,3,3,1,2,1
372,3,0,5,3,6,5,3,1,0,4,5,1
373,0,6,5,3,6,6,2,6,3,4,1,1
375,0,6,0,3,4,4,6,2,3,4,0,1
378,0,4,5,2,1,2,6,3,1,4,5,1
387,2,4,6,3,5,5,4,2,3,4,1,1
391,2,1,2,2,5,4,6,3,5,1,0,1
393,2,4,5,3,6,6,2,6,3,6,2,1
394,3,6,6,2,6,4,3,1,5,2,2,1
397,1,0,5,4,1,6,3,1,3,2,0,1
400,3,6,6,2,6,5,4,6,5,6,5,1
402,2,0,5,4,6,4,3,3,5,4,1,1
406,0,1,2,0,1,2,3,1,3,6,0,1
408,0,4,0,0,5,2,3,6,0,2,0,1
410,0,1,2,2,6,6,4,3,3,6,5,1
412,2,6,0,0,5,4,4,1,3,2,0,1
414,1,6,5,2,4,4,6,6,5,2,1,1
420,1,4,2,4,6,4,6,1,1,4,0,1
423,2,6,0,4,5,5,3,2,1,2,5,1
424,1,1,5,2,4,4,6,1,1,6,0,1
425,3,1,0,4,5,4,6,2,3,4,2,1
427,2,4,0,2,4,4,2,2,0,1,1,1
428,3,4,2,4,5,6,4,1,3,4,0,1
430,0,4,5,0,5,6,3,6,0,6,5,1
432,3,1,0,3,5,6,3,1,0,4,5,1
434,2,6,6,2,1,4,6,2,3,1,1,1
435,1,0,6,2,6,4,6,2,0,6,2,1
440,0,0,6,3,1,2,2,6,1,6,1,1
443,0,6,6,2,4,5,2,2,1,6,0,1
444,1,6,0,2,5,5,2,3,3,2,1,1
445,2,1,2,2,1,2,4,6,3,2,5,1
446,1,6,6,2,1,2,3,3,1,4,5,1
447,1,6,5,3,1,4,6,3,0,2,1,1
448,3,1,6,4,1,6,2,6,0,4,0,1
449,2,0,5,3,6,6,2,3,5,4,5,1
450,2,4,2,0,1,2,2,6,1,4,1,1
451,2,1,2,3,6,2,3,6,5,4,0,1
452,1,4,5,2,1,4,4,6,3,4,2,1
454,1,4,0,2,5,2,3,3,1,1,5,1
458,1,4,2,4,5,6,2,6,0,4,0,1
460,3,1,0,3,4,2,4,6,0,6,1,1
461,2,6,5,3,5,6,2,3,1,4,5,1
463,3,1,5,2,4,4,3,2,5,4,5,1
464,2,6,2,4,4,5,4,1,1,4,0,1
465,3,0,6,0,6,2,6,1,0,1,0,1
466,3,1,5,4,5,4,2,3,0,4,5,1
471,1,1,0,2,6,6,4,6,1,6,2,1
474,2,1,5,3,1,2,3,6,0,1,0,1
476,0,6,2,3,1,2,6,6,5,2,5,1
478,3,6,5,2,6,5,2,1,1,4,0,1
479,1,0,0,0,5,2,2,6,1,2,2,1
480,3,1,6,3,6,2,2,6,0,4,2,1
481,3,4,0,2,4,5,3,3,5,6,0,1
482,1,1,2,2,4,5,4,6,1,6,1,1
485,0,1,2,0,4,5,2,3,0,2,5,1
487,0,1,2,0,1,6,6,6,5,6,1,1
488,0,4,0,0,1,2,6,2,3,1,5,1
489,3,0,2,4,6,4,6,3,0,4,5,1
490,1,0,2,0,4,2,6,1,0,2,0,1
493,3,1,2,0,1,4,6,6,3,1,1,1
497,1,4,2,4,5,2,3,6,3,1,0,1
501,2,4,2,3,1,6,4,3,0,2,5,1
503,3,4,2,3,5,4,4,2,5,6,5,1
504,2,0,6,3,1,2,3,3,0,6,5,1
505,3,4,5,3,1,5,3,2,3,2,2,1
512,2,4,6,0,4,2,3,1,1,6,2,1
514,0,4,2,4,1,5,2,2,5,1,5,1
515,2,0,5,2,4,6,3,1,1,2,2,1
516,3,1,6,2,6,6,6,2,1,4,0,1
517,2,0,6,2,4,5,2,6,1,6,5,1
518,2,4,5,3,5,4,2,3,5,4,2,1
523,1,1,0,0,5,2,6,3,0,2,5,1
525,0,6,5,0,5,6,3,1,0,4,2,1
529,1,0,2,4,5,4,2,6,0,1,0,1
531,0,6,5,2,4,2,4,1,3,1,0,1
536,1,0,2,3,1,6,3,3,1,2,0,1
537,2,6,6,4,6,2,4,6,0,2,2,1
538,3,1,2,4,5,2,6,2,3,6,5,1
539,3,4,2,4,5,2,4,2,1,1,1,1
543,2,6,2,0,1,2,3,2,0,2,2,1
547,1,6,5,4,4,5,2,2,5,4,1,1
549,3,6,0,2,6,5,4,2,1,6,2,1
554,1,6,2,0,1,5,6,3,5,4,2,1
555,0,6,6,3,6,6,4,6,3,2,0,1
556,0,6,2,0,1,4,4,6,3,2,0,1
558,2,4,0,2,5,5,2,6,1,6,2,1
560,1,6,5,2,5,5,2,3,5,2,0,1
561,0,1,2,2,5,2,2,3,1,6,0,1
562,1,6,0,4,6,2,3,2,1,6,0,1
566,0,1,6,0,1,6,6,6,5,1,2,1
567,1,0,5,2,6,5,4,1,1,2,0,1
571,1,6,6,2,5,4,2,1,3,2,1,1
572,0,1,0,0,4,4,2,6,3,1,1,1
574,2,0,6,4,4,6,3,1,0,2,5,1
577,1,0,0,0,6,5,6,2,1,2,5,1
583,3,4,0,0,4,2,4,1,0,1,5,1
589,1,4,2,2,5,5,2,2,3,6,0,1
590,0,6,0,3,5,4,6,1,0,2,2,1
593,0,6,6,2,1,6,4,3,5,2,0,1
594,0,1,6,2,5,6,2,6,3,6,1,1
595,0,1,5,2,4,4,4,2,0,1,5,1
596,0,1,0,2,1,2,4,1,0,4,5,1
597,0,6,0,3,4,6,2,1,1,4,5,1
598,1,1,2,2,1,5,2,2,0,6,5,1
599,1,0,2,2,1,6,6,1,0,4,1,1
600,0,6,5,2,1,2,2,1,0,6,1,1
601,1,1,5,0,1,6,6,2,3,6,0,1
602,3,4,0,2,6,4,3,6,3,1,5,1
603,3,1,2,2,1,2,6,6,3,6,5,1
607,3,1,6,3,4,2,2,1,3,6,5,1
614,2,4,2,3,4,4,2,3,0,1,1,1
615,1,0,6,0,1,5,6,1,0,2,1,1
618,1,4,6,0,5,6,2,6,3,6,2,1
620,1,6,2,4,1,6,3,2,5,6,1,1
624,0,0,6,0,1,2,4,1,1,2,0,1
625,0,4,5,0,1,6,4,6,5,1,0,1
626,2,0,2,3,1,4,2,6,1,2,5,1
633,2,4,6,0,1,2,6,2,3,6,1,1
634,3,4,0,3,5,5,4,6,5,6,0,1
635,3,4,6,4,6,4,3,2,3,2,5,1
636,1,0,2,4,4,2,4,6,5,1,2,1
640,1,4,5,2,1,6,6,6,3,1,5,1
641,2,4,6,0,4,5,3,2,1,2,0,1
643,1,6,6,3,1,4,4,1,1,2,2,1
644,2,6,2,0,1,4,3,1,0,4,1,1
645,1,6,2,3,1,4,4,3,3,6,1,1
646,1,1,2,3,5,2,6,6,3,6,0,1
647,0,6,5,0,6,6,6,6,0,4,5,1
648,2,6,6,2,4,5,3,1,3,6,0,1
651,0,0,2,2,6,4,2,6,3,2,1,1
652,3,4,2,2,6,4,4,1,3,6,5,1
653,3,1,0,3,4,2,6,1,1,4,0,1
654,0,6,5,3,5,4,6,2,3,4,5,1
655,3,1,5,2,1,4,2,3,3,4,5,1
656,0,4,5,0,6,2,3,2,1,6,2,1
657,3,4,2,4,4,2,4,2,3,4,2,1
658,1,0,6,3,6,4,6,1,5,2,0,1
660,1,0,0,4,1,2,3,6,5,6,1,1
663,1,4,6,2,5,4,6,1,5,4,5,1
668,1,4,2,2,4,6,6,2,0,6,2,1
671,3,4,0,2,5,2,2,1,3,4,0,1
672,0,0,5,3,6,4,4,3,0,4,0,1
673,0,0,0,4,4,4,4,3,1,6,1,1
675,2,6,2,4,1,4,3,2,0,1,2,1
682,1,0,6,0,4,2,2,1,1,1,2,1
683,2,0,2,4,4,6,6,2,0,6,5,1
684,3,0,6,4,1,2,6,3,1,1,5,1
687,1,0,2,2,4,5,3,1,0,4,0,1
689,2,1,2,0,5,4,4,2,1,2,5,1
693,3,4,6,3,4,4,3,1,0,2,2,1
694,2,1,5,0,6,2,3,3,0,4,2,1
695,1,6,6,3,5,5,3,3,5,2,0,1
696,2,0,6,3,1,5,6,1,3,2,2,1
697,2,0,2,4,5,4,6,6,1,2,2,1
698,2,0,0,0,1,5,6,6,3,6,1,1
699,3,6,0,0,6,2,2,1,0,1,2,1
700,1,1,0,3,4,5,6,3,0,2,2,1
702,2,1,6,4,6,6,4,2,5,4,5,1
705,0,0,2,4,5,2,4,6,1,2,2,1
710,0,4,5,0,4,5,4,1,5,1,2,1
711,2,4,5,2,6,5,2,3,0,2,2,1
713,0,0,0,0,4,2,2,2,0,6,0,1
714,0,0,6,0,5,4,2,1,1,4,5,1
715,2,6,6,4,4,2,6,2,5,4,2,1
717,3,0,6,0,1,4,6,6,5,6,0,1
718,1,1,2,2,4,5,3,2,1,6,1,1
720,1,1,0,0,6,2,6,2,3,6,1,1
721,3,0,5,4,4,6,3,6,3,4,0,1
724,0,1,6,4,5,6,6,2,5,2,0,1
725,2,4,5,4,4,6,6,2,5,6,2,1
726,2,1,2,3,1,2,6,6,5,1,5,1
727,2,6,6,2,1,4,6,6,0,6,0,1
733,0,0,5,0,4,2,4,2,1,2,0,1
734,1,6,5,3,1,4,6,6,5,1,1,1
735,1,1,5,3,1,6,4,1,1,2,2,1
738,3,1,6,2,5,2,3,1,3,6,0,1
739,2,6,5,2,5,2,6,6,3,1,5,1
741,2,0,6,0,4,5,2,3,5,2,0,1
743,2,1,0,2,5,6,4,6,0,2,2,1
744,0,4,2,4,4,4,3,2,5,1,5,1
745,3,4,5,2,5,2,3,1,3,2,5,1
746,0,6,0,2,4,4,3,2,1,4,2,1
751,0,1,0,3,4,2,2,2,1,4,5,1
754,0,1,2,0,6,5,6,3,0,6,0,1
756,1,4,0,0,6,2,6,1,3,6,2,1
759,3,0,2,0,6,4,4,1,5,6,5,1
761,1,6,5,2,4,2,4,1,3,1,1,1
765,2,6,0,3,1,5,2,2,1,2,0,1
766,1,1,6,0,6,6,2,1,5,4,2,1
767,0,4,2,4,4,6,2,2,1,1,0,1
768,1,6,0,4,4,4,2,6,1,1,1,1
769,1,0,6,4,6,4,2,6,1,2,1,1
770,0,6,0,3,6,6,3,2,1,2,0,1
774,2,4,2,2,5,6,3,3,0,1,0,1
776,1,1,2,2,6,2,4,3,3,6,1,1
777,1,4,6,0,5,2,3,3,1,4,2,1
778,2,6,2,2,4,5,6,3,3,2,0,1
785,0,4,2,3,5,2,6,2,1,2,0,1
787,1,0,5,3,1,6,2,6,1,1,0,1
788,1,4,2,3,6,4,6,3,3,6,2,1
789,3,4,6,3,5,4,6,2,3,1,2,1
790,0,1,6,0,5,2,6,6,0,6,5,1
795,1,1,5,0,4,6,3,2,3,4,0,1
797,0,4,0,0,5,4,2,3,0,2,0,1
798,0,6,5,4,5,5,3,2,0,6,5,1
800,1,6,5,3,5,6,3,2,5,2,1,1
801,2,1,2,4,4,5,4,1,0,4,1,1
803,2,1,6,4,6,5,4,3,5,2,1,1
806,0,4,5,2,1,2,6,1,0,4,2,1
807,2,4,5,3,1,5,4,1,0,4,5,1
809,1,0,5,0,4,4,6,2,5,6,5,1
810,1,0,5,2,1,4,6,6,1,2,5,1
813,0,4,6,2,6,4,4,2,1,4,0,1
816,3,0,0,4,5,6,4,6,1,1,2,1
821,0,6,2,4,1,2,3,6,5,2,1,1
822,2,6,6,3,6,6,4,3,1,4,0,1
824,1,0,0,2,1,4,4,2,0,2,0,1
827,1,0,5,3,4,6,6,2,0,4,0,1
830,0,0,5,2,5,2,3,6,3,2,2,1
832,0,4,0,0,5,2,6,3,1,1,2,1
833,0,0,5,3,4,4,3,2,3,1,1,1
835,1,0,2,3,1,6,6,2,3,1,5,1
840,1,1,0,3,6,2,3,1,5,1,0,1
845,1,4,0,2,1,4,2,6,3,1,2,1
846,2,1,0,3,6,6,3,6,0,4,5,1
848,3,1,5,4,6,5,6,6,1,2,1,1
851,0,0,5,4,4,6,2,6,5,2,2,1
855,3,6,2,0,1,5,2,6,3,2,1,1
857,1,1,6,3,5,2,6,1,0,2,0,1
860,1,4,6,0,6,4,2,2,0,1,1,1
861,1,0,5,2,5,6,4,3,3,1,1,1
864,3,1,6,0,6,6,2,3,1,4,5,1
870,1,4,6,4,4,4,2,6,1,4,0,1
871,2,6,0,0,6,2,6,3,0,2,5,1
873,3,4,0,4,1,5,3,6,3,1,2,1
875,0,1,5,4,1,4,2,3,5,2,1,1
876,1,1,0,3,5,2,4,2,5,4,0,1
879,0,4,5,2,5,5,3,6,3,2,2,1
883,3,6,2,2,4,5,4,6,0,4,1,1
886,0,6,2,4,1,5,3,2,1,1,5,1
891,2,1,5,3,1,5,6,1,3,1,0,1
894,2,1,0,4,5,2,6,3,3,4,1,1
896,2,4,0,0,4,6,4,3,3,2,1,1
897,3,6,5,2,5,6,3,3,3,2,5,1
900,1,0,2,2,4,4,4,1,3,2,0,1
901,3,1,6,3,5,4,2,6,0,2,5,1
902,3,1,0,0,4,4,3,1,3,1,5,1
903,3,1,0,3,4,6,6,1,1,2,1,1
905,0,6,6,3,6,5,3,2,5,6,1,1
907,2,0,6,0,1,2,2,2,1,2,5,1
909,3,0,6,3,5,6,3,6,3,2,2,1
911,1,1,0,2,4,5,6,6,0,4,1,1
912,0,6,6,0,6,4,2,2,5,6,2,1
913,3,6,5,3,4,4,2,3,5,6,2,1
914,3,1,0,4,6,2,3,2,0,1,1,1
915,3,6,5,3,5,5,3,2,1,1,5,1
916,0,1,2,3,4,4,6,1,1,2,1,1
917,0,6,5,2,5,4,6,1,0,1,5,1
922,1,6,6,0,6,6,6,3,0,4,5,1
924,1,6,6,2,5,2,6,2,3,6,1,1
925,0,1,5,0,5,5,2,3,0,2,2,1
926,2,1,6,4,6,6,2,3,1,1,2,1
929,3,0,0,0,1,4,4,6,3,4,0,1
931,1,6,2,3,1,6,6,3,0,6,0,1
932,2,1,6,4,6,2,2,6,5,1,5,1
934,3,0,5,2,4,4,6,3,3,4,2,1
937,3,1,5,2,5,4,4,3,0,4,2,1
939,3,0,2,3,6,4,3,3,5,6,0,1
942,3,1,0,0,6,6,6,6,0,6,5,1
943,2,4,5,2,5,6,3,3,1,2,2,1
944,3,0,5,4,4,2,6,2,1,2,1,1
948,2,6,6,0,4,2,6,3,1,1,0,1
956,3,1,5,2,4,6,6,3,3,2,2,1
961,2,6,5,4,4,4,4,3,3,1,5,1
962,3,6,5,4,6,2,4,6,5,1,2,1
964,3,4,2,3,4,2,4,2,5,1,1,1
966,3,1,5,2,1,5,2,1,0,4,2,1
968,1,1,6,2,4,2,6,1,0,6,5,1
970,1,4,0,4,4,2,3,2,3,4,1,1
971,2,0,6,4,4,4,3,1,5,6,1,1
972,0,0,0,3,1,6,6,6,0,2,0,1
979,2,4,6,4,6,6,4,2,1,4,5,1
982,3,6,2,3,6,6,3,6,1,4,5,1
988,3,1,5,0,6,6,6,3,5,4,5,1
991,3,0,5,4,6,5,4,2,1,1,2,1
992,0,6,5,4,6,5,6,6,0,4,2,1
993,1,0,0,4,6,6,6,3,1,1,0,1
996,1,4,5,3,5,6,2,1,3,2,5,1
999,0,6,2,0,1,2,2,2,1,2,5,1
1004,0,4,0,3,4,6,2,2,1,2,2,1
1006,2,6,2,0,4,4,3,6,3,6,5,1
1008,3,0,6,0,4,5,3,2,5,2,5,1
1009,0,4,5,3,1,5,4,3,1,1,5,1
1012,1,1,2,0,6,2,6,1,1,1,2,1
1014,2,1,2,2,6,5,4,2,0,1,1,1
1018,0,0,0,2,5,6,3,1,1,4,1,1
1019,1,4,5,2,1,5,6,1,0,2,1,1
1021,0,1,0,4,4,6,4,2,1,1,0,1
1022,0,4,6,0,5,4,4,6,0,1,2,1
1023,1,4,0,0,4,4,4,3,1,1,5,1
1026,2,6,6,3,4,5,6,1,1,6,2,1
1027,0,0,2,3,4,5,3,1,0,1,1,1
1030,2,1,6,2,5,5,6,3,1,2,2,1
1031,0,1,0,2,4,6,3,6,5,2,0,1
1032,1,6,5,2,5,4,2,3,0,6,5,1
1033,3,4,2,0,5,2,2,6,0,6,2,1
0,6,5,4,5,2,2,3,3,6,5,1,0
1,6,2,0,4,5,2,6,3,6,0,5,0
2,4,2,0,4,6,3,3,3,6,0,2,0
4,4,6,3,5,2,2,6,1,1,0,5,0
6,0,5,2,4,6,2,3,5,2,1,5,0
7,0,2,2,4,2,4,2,0,4,0,1,0
8,0,6,0,5,5,3,1,1,1,5,2,0
12,0,0,4,1,4,4,1,0,4,1,5,0
13,6,5,2,5,4,2,3,0,4,5,5,0
20,6,6,3,1,5,6,1,3,6,2,4,0
23,6,0,0,1,5,3,1,3,6,1,5,0
26,4,5,4,4,4,4,3,3,4,2,4,0
29,1,6,0,5,2,4,1,5,2,5,1,0
30,6,6,3,6,2,2,2,5,4,5,4,0
31,1,0,3,4,5,3,3,5,6,5,1,0
33,4,2,0,6,6,6,6,1,1,0,2,0
41,4,2,4,4,5,6,6,5,2,0,1,0
43,6,2,4,1,2,3,2,3,1,2,4,0
45,0,0,4,1,6,6,6,5,2,2,1,0
46,1,2,0,6,4,2,1,5,2,2,1,0
47,1,6,2,4,4,6,3,1,4,1,2,0
49,4,5,0,4,6,4,1,5,2,2,2,0
50,0,6,0,5,2,2,6,1,1,2,1,0
52,1,0,0,4,5,6,2,1,4,0,4,0
54,4,2,0,6,4,3,2,0,6,0,1,0
55,1,2,2,6,5,6,2,0,4,5,4,0
59,1,6,4,4,5,3,1,3,4,5,4,0
60,0,2,3,5,6,3,6,1,6,0,5,0
61,0,5,3,6,5,4,1,0,4,2,5,0
63,4,2,0,4,4,2,6,1,4,5,1,0
65,1,2,4,4,5,2,3,5,6,0,5,0
66,4,0,4,6,5,4,2,3,6,0,2,0
70,0,5,0,1,5,3,2,0,2,5,1,0
72,1,6,0,4,5,4,1,3,1,1,5,0
75,1,0,0,4,4,6,3,0,6,1,1,0
76,0,2,4,1,6,6,3,1,2,2,4,0
77,1,0,0,1,2,2,1,1,6,5,2,0
80,4,0,0,4,5,4,3,0,4,1,2,0
81,0,5,2,1,5,6,6,0,1,2,2,0
82,1,2,2,1,4,2,2,1,1,5,5,0
88,6,0,0,4,6,6,3,5,1,0,2,0
92,1,6,3,4,5,4,3,3,1,2,4,0
94,4,5,0,4,2,2,1,5,2,1,5,0
95,0,5,3,6,5,4,1,3,2,0,1,0
97,4,2,3,1,6,4,2,5,6,5,1,0
98,0,6,0,1,6,6,6,3,4,1,2,0
99,1,0,2,1,5,6,1,3,6,0,5,0
106,4,5,0,5,5,3,6,1,4,2,5,0
108,4,2,4,6,2,6,1,0,6,0,1,0
113,0,6,0,6,4,4,1,5,6,0,4,0
